product_id,category,price,rating,num_reviews,in_stock,discount,payment_method,delivery_time,is_returned
P00000,3,466.4,3.9,20,0,20.1,0,3,1
P00001,4,284.74,1.3,34,1,2.6,1,9,0
P00002,0,349.84,1.3,30,0,24.8,3,5,0
P00003,4,461.64,1.0,26,1,6.2,0,13,0
P00004,4,355.08,4.8,33,1,20.0,1,14,0
P00005,1,80.51,4.0,31,1,17.5,3,7,0
P00006,0,290.26,2.4,30,1,38.6,2,12,0
P00007,0,305.32,2.2,40,1,40.2,0,14,1
P00008,0,214.94,2.4,32,1,7.7,1,6,0
P00009,4,369.54,4.1,27,1,18.3,2,10,0
P00010,3,467.51,3.6,34,1,18.7,1,5,0
P00011,0,463.16,1.7,29,1,7.6,3,7,0
P00012,4,228.17,1.7,30,1,39.9,3,11,0
P00013,1,61.05,1.4,22,1,35.4,2,6,0
P00014,3,492.5,3.6,28,1,9.5,1,10,1
P00015,1,420.25,4.1,34,1,18.3,0,2,0
P00016,3,66.71,2.1,28,1,5.3,0,13,0
P00017,4,460.82,1.1,31,1,31.4,2,13,0
P00018,2,435.6,1.3,35,1,6.1,2,13,1
P00019,3,261.82,4.9,31,0,49.3,2,3,0
P00020,1,297.68,2.2,33,1,39.0,1,2,0
P00021,4,202.51,4.1,22,1,19.5,0,12,0
P00022,3,32.11,3.5,25,1,28.9,0,3,0
P00023,2,170.92,2.5,15,1,45.6,0,1,0
P00024,2,402.41,1.8,37,1,27.7,2,8,0
P00025,0,7.29,1.5,42,1,8.7,0,6,0
P00026,0,170.08,3.5,29,1,18.9,3,13,0
P00027,1,202.09,4.1,30,1,42.2,2,2,0
P00028,3,271.01,3.6,26,1,32.2,0,8,0
P00029,3,460.33,3.1,38,1,32.5,1,6,0
P00030,0,176.44,1.2,35,1,43.3,2,7,0
P00031,3,176.74,4.9,30,1,44.7,3,11,1
P00032,3,370.06,4.2,31,0,46.0,3,1,1
P00033,2,228.85,2.2,27,1,4.7,1,7,1
P00034,0,116.18,4.9,25,1,27.2,1,3,1
P00035,4,228.96,3.4,30,0,37.0,2,11,1
P00036,0,74.72,3.3,27,1,37.8,2,12,0
P00037,4,92.31,4.0,35,1,30.3,3,8,0
P00038,2,251.69,4.2,31,1,8.3,1,6,0
P00039,1,212.37,3.6,29,0,39.9,2,4,0
P00040,3,457.85,1.5,23,1,36.0,3,11,0
P00041,2,184.38,2.4,30,1,4.3,1,8,0
P00042,3,292.39,4.7,27,1,23.2,3,9,0
P00043,1,317.97,1.9,25,0,8.7,0,10,0
P00044,1,11.48,2.5,25,1,16.9,1,2,1
P00045,2,333.45,2.7,29,1,0.9,2,6,1
P00046,1,93.13,2.8,27,0,20.0,2,5,0
P00047,4,480.73,3.5,36,1,27.5,0,5,1
P00048,1,78.59,4.8,28,1,31.0,1,10,0
P00049,3,210.24,2.0,34,1,33.2,3,11,0
P00050,3,47.25,1.5,31,1,41.8,2,3,0
P00051,3,498.45,1.8,20,0,10.8,0,12,1
P00052,3,253.59,4.5,33,1,6.0,0,8,0
P00053,4,299.72,3.6,35,1,42.6,1,14,0
P00054,0,38.2,2.1,42,1,7.8,1,8,0
P00055,2,376.23,4.3,26,1,48.7,2,12,1
P00056,3,108.9,4.4,26,0,42.1,0,5,1
P00057,1,449.54,4.4,34,1,25.0,3,8,1
P00058,3,106.54,4.7,30,1,49.1,0,10,1
P00059,1,99.39,2.0,28,1,4.9,3,8,0
P00060,1,23.09,4.0,36,0,15.2,3,3,1
P00061,3,238.67,2.8,34,1,31.9,2,2,0
P00062,4,284.6,4.4,39,1,17.5,0,9,0
P00063,1,37.53,3.9,26,1,46.4,3,2,1
P00064,1,388.89,4.1,24,1,3.3,1,9,0
P00065,3,229.38,3.6,37,1,27.5,3,4,0
P00066,1,264.57,1.7,34,1,29.5,1,12,0
P00067,1,223.18,3.2,42,1,32.6,1,13,0
P00068,3,203.38,4.9,28,1,12.8,0,2,0
P00069,3,282.02,4.7,35,1,18.2,1,10,0
P00070,2,81.84,1.2,28,0,42.2,3,1,0
P00071,4,95.05,1.7,36,1,9.7,1,4,0
P00072,4,431.58,1.5,29,0,41.3,0,9,0
P00073,1,473.33,3.9,33,1,28.1,2,12,0
P00074,4,189.79,4.3,18,1,38.1,3,9,0
P00075,1,139.02,1.9,24,0,35.7,3,4,0
P00076,2,323.78,3.0,31,1,10.4,0,9,0
P00077,3,207.32,4.4,23,1,28.4,0,12,1
P00078,3,17.57,3.9,24,0,43.4,0,6,0
P00079,3,82.3,3.2,26,1,21.6,0,1,0
P00080,4,359.41,3.4,33,1,48.3,3,10,0
P00081,2,331.17,3.0,26,1,22.6,2,13,0
P00082,4,18.41,2.2,31,1,7.1,1,14,0
P00083,4,114.88,3.3,39,1,19.5,1,6,0
P00084,2,119.38,3.8,33,1,47.6,2,9,1
P00085,2,337.59,4.5,31,1,16.0,2,13,0
P00086,2,14.76,3.5,27,1,43.4,2,2,0
P00087,2,56.53,4.0,32,1,44.1,0,6,0
P00088,3,400.96,1.6,34,1,17.5,3,2,0
P00089,0,93.38,2.8,20,1,4.2,3,4,0
P00090,0,328.11,1.0,26,1,36.2,3,8,0
P00091,2,122.9,2.0,33,1,15.6,0,13,0
P00092,0,54.22,3.9,19,1,39.1,3,7,0
P00093,0,125.37,5.0,41,1,22.1,0,11,1
P00094,2,362.52,1.4,33,1,24.3,3,12,0
P00095,0,428.57,2.6,25,0,38.9,2,13,0
P00096,4,415.96,4.2,34,1,19.1,1,9,0
P00097,1,201.61,1.8,26,1,22.2,1,7,1
P00098,1,335.7,3.2,20,1,18.8,0,1,0
P00099,2,106.47,3.9,22,1,18.4,3,2,0
P00100,3,150.11,3.5,34,0,26.3,1,6,0
P00101,2,448.69,1.8,29,0,40.4,2,7,0
P00102,3,11.44,2.4,28,1,18.1,2,3,0
P00103,1,47.33,4.1,25,1,26.2,2,9,0
P00104,2,107.9,3.2,26,0,33.5,0,13,0
P00105,4,18.13,1.0,32,0,13.5,0,7,0
P00106,0,94.81,4.0,27,1,13.9,3,14,0
P00107,3,293.61,1.1,32,1,46.7,2,6,0
P00108,0,213.61,4.0,32,1,36.2,3,13,1
P00109,0,446.87,1.8,26,0,28.9,3,6,1
P00110,2,409.63,4.8,33,1,32.4,2,1,0
P00111,0,174.2,2.5,27,1,1.5,3,13,0
P00112,4,133.41,2.3,32,1,30.9,1,5,0
P00113,0,192.95,1.6,42,1,25.5,0,10,0
P00114,2,297.2,2.2,25,1,27.3,3,3,0
P00115,4,137.69,4.5,33,0,18.0,2,7,0
P00116,1,313.95,5.0,28,1,4.1,0,10,0
P00117,0,207.66,2.5,31,1,9.7,0,3,0
P00118,2,278.26,2.8,29,1,47.5,3,5,0
P00119,1,220.88,3.9,28,1,20.4,1,7,0
P00120,1,150.76,4.5,24,1,23.3,3,14,0
P00121,3,474.48,3.4,50,1,2.6,1,3,0
P00122,4,382.98,2.6,21,1,1.9,0,13,1
P00123,0,74.36,2.7,39,1,35.9,3,13,1
P00124,2,434.89,3.8,26,1,26.9,2,10,0
P00125,3,246.28,1.0,34,1,25.4,3,2,0
P00126,4,447.8,3.5,31,0,12.2,1,6,0
P00127,3,400.93,2.4,32,0,37.2,1,8,0
P00128,4,215.48,4.2,34,1,8.4,3,4,0
P00129,4,16.12,1.4,25,1,9.5,1,9,0
P00130,0,138.0,3.4,34,0,23.0,0,12,0
P00131,4,273.11,2.9,26,1,14.3,3,12,0
P00132,3,318.57,3.6,26,1,12.4,1,8,1
P00133,4,132.65,1.3,19,0,32.3,3,7,0
P00134,0,73.98,3.3,34,1,32.5,3,14,0
P00135,0,418.29,3.2,33,1,41.2,2,7,0
P00136,3,492.28,3.2,42,0,20.9,3,3,0
P00137,1,265.22,3.4,35,1,3.7,2,14,0
P00138,1,89.98,3.7,40,1,13.7,1,6,0
P00139,4,139.79,4.2,25,1,49.0,2,13,0
P00140,2,14.1,2.1,34,1,29.8,2,13,0
P00141,4,457.58,4.3,30,1,35.5,2,5,0
P00142,3,63.29,3.0,28,1,0.4,0,1,1
P00143,3,290.38,1.3,31,0,25.9,2,11,0
P00144,3,140.66,1.2,26,1,1.9,3,3,1
P00145,3,279.32,2.3,38,1,28.5,2,13,0
P00146,3,327.45,4.1,35,1,46.0,3,12,1
P00147,0,415.72,3.8,32,1,48.4,2,1,0
P00148,1,107.18,4.2,33,1,27.0,0,4,0
P00149,3,10.44,3.1,29,0,22.9,1,10,0
P00150,2,72.76,2.8,41,0,47.3,2,3,1
P00151,2,450.51,1.6,36,1,33.7,2,11,0
P00152,2,437.58,2.3,29,1,3.2,0,4,0
P00153,2,300.72,2.7,27,1,23.3,2,9,0
P00154,0,302.26,1.4,18,1,12.0,3,3,1
P00155,2,334.19,1.9,40,1,23.5,2,12,0
P00156,3,91.81,3.4,35,1,22.8,2,6,1
P00157,4,457.63,3.9,33,0,29.1,1,6,0
P00158,2,212.29,5.0,24,1,17.8,1,7,0
P00159,0,194.65,4.7,20,1,8.2,2,9,0
P00160,0,261.86,3.6,36,1,25.2,0,12,0
P00161,2,28.25,2.7,22,1,41.5,1,7,0
P00162,4,87.31,3.5,27,1,33.2,2,14,0
P00163,2,370.33,4.1,30,1,16.9,1,1,0
P00164,0,45.99,1.5,28,1,46.8,2,8,0
P00165,1,303.56,2.6,27,1,45.6,1,5,0
P00166,3,126.45,4.4,43,1,10.5,1,9,0
P00167,0,197.7,2.5,28,1,2.0,3,10,0
P00168,2,147.9,3.3,22,1,37.1,2,13,0
P00169,3,181.06,3.4,31,1,41.4,2,12,0
P00170,2,360.93,1.7,33,1,48.4,2,5,0
P00171,2,152.08,2.4,37,1,44.5,2,5,1
P00172,1,285.37,2.3,29,1,30.0,1,12,0
P00173,3,240.64,1.1,24,1,26.5,3,12,0
P00174,3,333.52,1.1,24,1,1.4,3,14,0
P00175,1,468.73,4.3,25,1,12.3,0,2,0
P00176,0,367.62,2.1,24,1,23.0,2,12,0
P00177,2,111.4,3.1,34,1,31.4,0,11,0
P00178,4,20.44,2.2,30,1,27.9,1,3,0
P00179,2,134.82,4.8,21,0,37.1,0,10,0
P00180,2,299.56,2.0,24,1,14.0,2,9,1
P00181,0,30.46,2.7,25,0,28.2,3,7,0
P00182,2,250.7,4.5,22,1,4.4,3,1,0
P00183,1,300.44,4.4,30,1,20.7,2,3,0
P00184,1,170.45,1.7,26,0,37.5,1,12,1
P00185,3,386.6,4.2,28,1,34.7,2,2,1
P00186,4,57.77,2.8,32,1,49.5,1,1,1
P00187,2,42.19,2.9,29,1,13.9,3,9,1
P00188,2,365.45,1.5,31,1,24.9,1,8,0
P00189,0,250.27,1.3,33,1,16.5,2,5,0
P00190,1,345.76,3.9,30,1,22.0,2,11,0
P00191,4,220.24,3.0,37,0,42.8,2,12,0
P00192,3,126.97,2.7,30,1,34.2,1,2,0
P00193,1,410.46,3.9,32,0,44.1,1,1,1
P00194,3,400.71,4.1,27,0,10.2,1,7,0
P00195,0,348.87,1.6,33,1,43.7,3,13,0
P00196,0,139.71,3.4,28,1,3.0,0,11,1
P00197,2,297.16,1.5,25,0,44.4,0,11,0
P00198,4,183.68,4.0,29,0,16.5,2,2,0
P00199,3,50.33,3.6,35,1,15.7,3,1,1
P00200,1,459.07,4.8,30,1,25.6,1,2,1
P00201,0,72.73,1.3,32,1,47.0,2,7,0
P00202,2,475.37,1.2,26,1,2.4,3,7,1
P00203,2,225.77,2.1,34,1,17.6,2,10,0
P00204,3,96.64,2.0,36,1,42.8,3,6,1
P00205,0,273.24,2.0,27,1,19.8,3,5,0
P00206,4,437.11,4.6,29,1,10.0,0,3,0
P00207,0,367.45,2.0,29,1,21.2,2,14,0
P00208,3,404.25,2.1,28,1,19.3,1,12,0
P00209,3,331.1,4.0,38,1,45.8,0,3,0
P00210,0,347.68,2.8,20,1,38.1,0,11,0
P00211,3,425.35,4.1,28,1,25.3,1,13,0
P00212,0,128.59,1.3,46,1,49.4,3,12,1
P00213,1,247.27,3.0,32,1,23.3,1,9,1
P00214,0,114.5,1.1,28,0,2.9,2,4,0
P00215,0,493.9,1.3,31,1,13.1,1,9,0
P00216,3,472.31,4.6,25,1,21.8,3,4,0
P00217,3,24.52,1.6,28,1,7.8,1,2,0
P00218,2,354.26,3.1,28,0,47.4,3,4,0
P00219,2,463.0,2.6,34,1,38.3,3,6,0
P00220,1,94.38,2.4,33,1,13.4,2,6,0
P00221,2,286.13,4.6,25,1,29.5,1,5,1
P00222,0,458.17,1.1,30,1,36.1,1,1,0
P00223,3,21.8,3.7,35,1,47.1,2,3,0
P00224,2,350.22,4.9,31,1,44.1,3,5,0
P00225,2,152.19,3.2,35,1,25.8,1,6,0
P00226,1,462.58,4.7,35,1,38.7,2,14,0
P00227,1,485.67,1.2,35,1,28.1,3,1,0
P00228,0,472.41,2.7,23,1,27.6,2,14,1
P00229,3,239.74,2.0,32,1,5.7,1,14,1
P00230,1,431.71,3.9,24,1,6.3,2,9,0
P00231,2,423.05,4.9,38,1,26.5,0,14,0
P00232,3,162.95,2.0,39,1,13.4,3,3,0
P00233,3,415.31,3.6,32,1,1.1,0,10,0
P00234,2,23.32,1.8,38,1,36.1,0,13,1
P00235,1,300.15,3.3,32,0,1.6,3,3,0
P00236,2,118.85,2.9,30,1,29.8,3,11,0
P00237,3,64.68,4.9,26,1,27.0,2,2,0
P00238,4,43.09,3.4,27,1,48.4,3,8,1
P00239,4,349.66,2.4,25,1,24.2,0,13,0
P00240,0,173.24,1.5,39,1,3.2,0,3,0
P00241,2,363.76,1.6,24,1,27.6,1,6,0
P00242,2,37.35,1.9,33,1,42.1,3,2,0
P00243,0,161.07,2.0,36,1,49.8,0,7,0
P00244,0,272.05,4.4,35,1,21.5,1,13,0
P00245,0,396.41,3.2,33,1,16.0,1,4,1
P00246,3,162.78,3.1,41,1,45.3,2,9,0
P00247,2,314.82,1.5,27,1,9.6,0,14,0
P00248,3,443.56,4.4,24,1,30.8,2,10,0
P00249,0,309.85,3.9,25,1,20.3,0,9,1
P00250,2,120.31,1.3,26,0,2.1,2,7,1
P00251,3,17.08,3.8,34,0,17.4,2,12,0
P00252,3,435.7,3.2,21,1,13.3,3,8,0
P00253,0,15.53,1.3,28,1,34.3,2,3,0
P00254,2,437.98,2.8,25,1,47.4,3,11,0
P00255,0,266.82,2.9,27,1,13.4,1,5,0
P00256,2,469.84,1.7,38,1,40.6,0,2,1
P00257,4,400.4,4.8,26,1,2.8,1,10,0
P00258,1,498.98,4.4,20,1,26.9,0,7,0
P00259,1,178.6,3.7,34,0,3.5,1,13,0
P00260,1,384.76,2.8,25,1,46.7,0,8,0
P00261,0,203.96,2.6,28,1,38.3,2,9,0
P00262,4,242.54,3.6,35,1,32.9,0,11,0
P00263,2,315.62,3.2,27,1,41.2,0,11,1
P00264,3,437.47,1.2,25,1,32.4,1,7,0
P00265,2,492.12,3.1,35,1,48.4,1,10,0
P00266,3,385.3,4.2,34,1,35.7,1,10,0
P00267,2,211.79,2.8,36,1,46.2,3,13,1
P00268,4,213.57,1.2,31,1,25.9,3,8,1
P00269,3,370.1,4.1,37,1,5.9,0,12,0
P00270,0,123.19,1.8,34,1,26.4,0,9,0
P00271,2,59.68,2.0,33,1,6.3,2,6,0
P00272,2,180.54,1.7,25,1,29.6,2,12,0
P00273,3,147.18,2.3,27,1,24.1,0,12,0
P00274,0,151.67,4.0,35,1,31.1,3,10,0
P00275,0,120.64,3.1,31,1,0.5,0,2,0
P00276,4,25.84,1.8,29,1,9.7,2,2,0
P00277,0,13.85,4.5,33,0,24.6,3,4,0
P00278,0,493.92,4.5,41,1,47.5,3,9,0
P00279,0,216.75,4.5,30,1,19.2,2,7,0
P00280,1,195.24,2.0,33,1,21.2,0,2,1
P00281,4,341.43,2.8,26,0,35.7,1,8,0
P00282,2,113.04,4.9,32,1,30.2,0,11,0
P00283,3,475.23,4.1,24,1,14.9,0,7,0
P00284,2,394.24,1.1,29,1,20.5,2,9,0
P00285,4,49.26,1.3,36,1,10.9,3,8,0
P00286,3,211.7,2.9,32,1,48.3,2,3,1
P00287,4,440.16,4.6,36,1,6.5,0,1,1
P00288,0,472.64,3.2,44,1,18.6,1,2,0
P00289,3,236.36,3.0,30,0,1.3,1,14,0
P00290,0,308.64,1.4,23,1,11.1,1,13,0
P00291,2,87.68,3.6,31,1,39.0,2,2,0
P00292,2,495.63,4.3,28,1,10.1,3,4,0
P00293,3,119.68,2.5,21,1,4.0,2,6,0
P00294,3,471.65,4.1,33,1,23.7,1,4,0
P00295,4,326.58,4.9,24,1,0.5,0,9,1
P00296,4,305.83,1.8,26,1,4.2,3,4,0
P00297,0,258.78,3.1,38,1,40.4,2,6,1
P00298,3,119.18,2.1,36,1,38.6,2,6,1
P00299,2,92.38,4.2,27,1,45.8,3,10,0
P00300,4,114.14,3.3,21,1,42.7,3,11,1
P00301,4,97.29,3.5,20,1,34.2,0,10,0
P00302,2,390.89,4.2,25,1,2.6,3,1,0
P00303,4,178.31,2.6,26,0,39.1,0,8,0
P00304,0,33.63,4.7,24,0,42.3,1,12,0
P00305,3,484.71,3.1,26,1,40.0,1,3,1
P00306,2,442.47,1.6,27,1,25.4,2,13,0
P00307,3,464.24,3.8,25,1,11.6,1,6,0
P00308,4,497.48,4.2,26,1,42.3,1,3,0
P00309,4,91.08,2.3,33,1,36.4,0,11,1
P00310,2,201.14,4.4,25,1,49.0,2,2,0
P00311,0,380.33,4.6,23,1,7.8,3,5,1
P00312,1,349.53,2.1,37,1,11.3,2,14,0
P00313,2,81.18,4.9,21,1,10.6,1,1,0
P00314,1,408.84,1.6,27,1,39.6,3,9,1
P00315,1,116.1,1.8,35,1,9.3,2,11,0
P00316,0,115.79,1.7,31,1,3.3,2,7,0
P00317,1,270.8,4.6,23,1,49.9,2,3,0
P00318,1,298.51,3.6,26,1,1.2,2,4,0
P00319,0,292.14,1.6,21,1,41.8,0,13,0
P00320,1,50.29,2.8,27,1,18.3,2,6,0
P00321,1,439.34,3.5,19,1,42.1,1,3,1
P00322,1,136.47,1.3,29,1,27.7,1,12,0
P00323,2,69.11,4.5,31,1,45.1,0,7,1
P00324,2,444.93,4.2,27,1,46.3,3,13,0
P00325,2,478.05,3.0,38,1,0.5,3,6,0
P00326,0,431.75,4.9,24,1,3.8,1,9,0
P00327,4,405.71,2.7,34,1,12.5,1,12,0
P00328,1,329.34,4.9,30,1,33.5,0,5,0
P00329,1,277.67,3.7,28,0,44.4,3,4,0
P00330,0,48.06,3.5,28,1,23.0,3,3,0
P00331,1,207.18,1.7,29,1,30.3,2,10,0
P00332,2,189.48,4.5,23,1,9.4,2,1,0
P00333,4,133.58,2.7,42,1,40.2,2,3,0
P00334,3,363.09,1.6,31,0,48.4,0,3,1
P00335,1,250.46,1.1,30,1,13.4,1,7,0
P00336,2,45.12,3.2,25,1,24.7,0,7,0
P00337,3,113.99,3.1,28,1,4.3,3,13,0
P00338,4,343.21,3.9,23,1,28.0,1,12,0
P00339,3,42.68,4.6,24,1,25.1,2,1,0
P00340,2,426.35,1.3,25,1,7.2,0,3,0
P00341,3,250.1,3.9,36,1,22.1,0,13,0
P00342,0,242.89,1.7,31,1,16.7,2,8,0
P00343,3,298.24,4.4,28,1,26.1,0,9,0
P00344,1,413.22,4.3,28,0,29.3,2,7,0
P00345,1,177.17,3.2,31,1,0.4,3,7,0
P00346,0,340.62,3.8,35,1,38.1,1,12,0
P00347,2,285.04,2.3,33,1,35.7,3,11,0
P00348,1,137.18,2.9,25,1,18.3,3,8,0
P00349,4,439.92,4.3,26,1,2.6,2,6,0
P00350,1,399.73,2.8,35,1,37.7,0,11,0
P00351,1,330.93,2.4,34,1,47.8,3,3,0
P00352,2,426.04,3.0,29,1,12.0,3,1,0
P00353,3,434.31,4.3,21,0,16.2,3,7,0
P00354,1,355.64,2.3,39,1,9.2,0,1,0
P00355,0,419.32,1.7,26,1,28.8,0,1,0
P00356,3,350.25,3.8,29,0,7.7,2,9,0
P00357,4,341.67,4.3,34,1,17.8,3,13,0
P00358,2,311.21,1.4,30,1,34.9,1,10,0
P00359,4,377.59,2.0,35,1,28.0,0,7,0
P00360,3,83.51,1.6,36,1,19.3,2,13,0
P00361,3,441.03,2.4,27,0,21.0,3,11,0
P00362,3,436.56,2.8,30,0,28.1,1,13,0
P00363,4,19.48,4.0,18,1,0.3,0,4,0
P00364,3,413.78,3.6,31,1,3.9,1,6,0
P00365,4,68.79,3.5,36,1,44.1,0,1,0
P00366,3,170.88,2.4,25,1,3.9,2,7,0
P00367,0,373.04,4.4,34,1,35.3,1,12,0
P00368,3,84.58,2.9,32,1,46.0,3,6,1
P00369,4,409.89,4.9,24,0,13.5,3,4,0
P00370,1,416.91,3.5,35,0,18.5,0,7,0
P00371,3,256.2,1.5,34,1,28.4,3,3,0
P00372,1,8.16,3.7,35,1,44.1,1,1,0
P00373,0,147.08,2.3,33,1,47.1,2,4,0
P00374,2,310.38,3.7,40,1,37.0,0,3,0
P00375,0,490.69,1.3,19,1,4.3,1,1,0
P00376,3,317.75,1.7,36,1,33.5,0,2,1
P00377,1,133.6,4.4,35,1,20.5,2,11,0
P00378,1,318.83,1.9,27,1,23.5,0,5,0
P00379,4,272.29,4.3,40,1,2.5,3,8,0
P00380,1,391.02,2.1,32,0,9.6,3,1,1
P00381,4,57.96,3.6,27,1,39.5,0,4,1
P00382,2,381.71,3.8,34,1,22.7,2,14,0
P00383,3,272.93,3.1,33,1,15.1,2,4,1
P00384,4,481.68,2.2,27,1,19.2,3,5,1
P00385,2,174.23,1.9,29,0,42.7,2,7,0
P00386,1,318.15,1.1,27,1,37.4,0,13,0
P00387,1,466.35,2.2,41,1,13.6,1,12,0
P00388,2,55.74,3.6,28,1,5.9,0,8,1
P00389,1,468.93,4.8,19,1,12.6,3,6,1
P00390,2,345.5,4.5,24,1,46.0,3,1,0
P00391,4,38.58,4.1,29,1,29.1,3,7,0
P00392,4,153.98,4.2,26,1,26.7,2,3,1
P00393,2,355.55,3.7,33,1,29.8,0,13,0
P00394,4,38.34,2.0,34,1,18.3,1,13,0
P00395,4,293.17,4.6,34,1,40.4,0,13,0
P00396,4,176.21,3.7,33,1,26.2,1,6,0
P00397,0,312.35,3.2,28,1,5.8,0,8,0
P00398,3,27.64,1.4,27,0,6.5,3,7,0
P00399,1,436.41,2.8,26,0,26.8,1,10,0
P00400,0,486.88,2.8,24,1,46.8,0,6,0
P00401,4,484.59,4.5,29,1,15.4,2,9,0
P00402,2,376.08,3.2,22,1,43.5,2,9,0
P00403,4,69.39,2.5,30,1,38.2,0,1,0
P00404,3,380.34,4.9,30,1,12.4,3,1,0
P00405,4,17.17,1.4,31,1,1.8,1,1,1
P00406,2,15.95,2.7,24,1,5.1,0,8,0
P00407,3,165.19,1.2,31,1,36.4,2,12,1
P00408,4,246.88,4.0,27,0,10.0,1,13,0
P00409,3,386.35,4.7,36,1,18.6,2,14,1
P00410,1,343.23,2.1,28,1,25.1,2,12,0
P00411,1,225.72,4.4,35,1,36.3,0,14,1
P00412,4,140.45,2.2,31,1,5.7,2,10,0
P00413,3,498.58,4.6,25,0,20.3,1,7,0
P00414,2,215.96,4.0,31,1,24.3,3,3,0
P00415,4,228.44,4.2,30,1,27.0,0,13,0
P00416,1,85.99,1.1,24,1,40.9,1,2,0
P00417,1,398.43,4.9,29,1,8.6,0,4,0
P00418,4,348.37,3.9,18,1,40.4,2,3,0
P00419,3,114.28,2.2,33,1,34.6,2,7,0
P00420,1,45.78,4.3,25,1,27.8,1,10,0
P00421,3,341.85,2.1,26,1,35.0,1,8,0
P00422,1,328.98,4.5,28,1,20.6,3,6,0
P00423,1,140.26,1.5,36,1,6.9,1,3,0
P00424,0,475.68,3.8,27,1,33.3,1,6,0
P00425,1,79.77,3.2,35,1,26.2,0,2,0
P00426,2,219.01,1.4,25,1,32.0,2,12,0
P00427,4,472.09,2.0,29,1,16.9,1,7,0
P00428,4,212.77,1.0,36,1,45.3,3,14,0
P00429,3,321.07,2.9,28,1,29.4,1,11,0
P00430,1,201.81,2.2,36,1,4.3,2,10,1
P00431,2,140.74,3.4,29,1,22.5,1,14,1
P00432,3,492.07,2.2,40,1,37.8,0,7,0
P00433,0,207.62,2.2,40,1,39.7,2,4,0
P00434,3,447.58,4.0,30,1,24.7,1,13,0
P00435,3,118.83,1.2,30,1,44.7,0,8,0
P00436,1,110.49,4.6,24,1,13.4,2,4,0
P00437,0,20.41,4.4,34,1,20.5,1,7,0
P00438,3,327.58,3.7,29,1,44.9,0,4,0
P00439,2,187.42,3.4,33,1,44.8,3,13,0
P00440,2,432.86,4.6,28,1,34.3,0,12,0
P00441,4,239.24,1.7,28,1,42.9,3,5,0
P00442,0,484.26,1.3,36,1,4.4,1,7,0
P00443,0,96.84,2.0,28,1,43.2,0,13,0
P00444,4,434.97,4.2,22,1,16.0,3,14,0
P00445,3,389.42,1.1,29,1,8.9,2,14,1
P00446,0,386.61,3.3,33,1,12.0,0,13,0
P00447,2,423.17,5.0,28,1,20.9,1,10,0
P00448,2,381.71,4.4,24,1,12.6,2,3,0
P00449,1,314.98,3.1,24,0,16.0,3,10,0
P00450,0,69.97,1.3,31,0,6.7,0,5,0
P00451,3,21.1,4.3,30,1,14.8,0,11,0
P00452,4,460.82,3.4,43,1,28.6,1,14,1
P00453,4,310.24,1.5,39,1,22.1,2,3,0
P00454,3,399.29,1.4,32,1,17.3,0,5,0
P00455,1,243.35,4.6,34,1,37.3,0,14,1
P00456,4,63.07,3.7,33,1,44.7,2,3,0
P00457,0,66.97,4.3,31,1,37.8,0,11,0
P00458,1,344.35,4.5,29,1,16.6,2,10,0
P00459,0,218.0,3.3,39,1,37.2,2,11,1
P00460,2,104.26,3.1,36,1,7.6,2,7,0
P00461,1,248.34,2.7,30,1,6.5,1,13,0
P00462,4,36.78,2.3,31,0,17.3,2,1,0
P00463,1,293.08,2.7,16,1,40.4,2,9,0
P00464,1,138.15,4.1,45,1,12.3,3,9,0
P00465,1,399.79,3.4,34,1,3.2,3,5,0
P00466,1,158.63,4.6,33,0,6.6,1,9,1
P00467,0,230.33,2.8,42,1,42.9,2,10,0
P00468,2,10.75,3.4,35,1,31.7,3,13,0
P00469,3,40.86,3.5,32,1,12.7,3,6,0
P00470,1,199.28,3.4,33,1,27.8,0,5,0
P00471,4,242.57,3.8,41,1,26.4,2,13,0
P00472,1,302.01,1.9,32,1,32.8,3,3,0
P00473,4,149.37,3.0,27,1,11.7,1,11,0
P00474,0,349.02,1.4,29,0,43.2,0,11,0
P00475,4,430.76,2.5,24,1,15.5,0,8,1
P00476,3,391.03,3.0,21,1,34.7,2,4,0
P00477,2,24.61,3.6,22,1,0.8,2,10,0
P00478,4,242.85,4.8,33,1,18.6,0,13,0
P00479,4,56.94,3.4,24,0,17.6,1,13,0
P00480,2,124.81,4.0,49,1,27.2,2,3,1
P00481,3,493.4,3.0,40,1,3.6,2,13,1
P00482,1,75.54,3.5,18,1,39.5,0,6,0
P00483,4,251.95,1.3,31,1,10.9,0,8,0
P00484,2,310.99,2.0,27,1,33.9,2,13,0
P00485,0,352.72,2.4,31,1,40.2,3,9,0
P00486,2,282.03,2.9,26,1,28.1,2,14,0
P00487,0,9.84,1.2,26,1,37.0,3,6,1
P00488,3,166.6,1.6,28,1,33.1,0,5,0
P00489,1,261.27,2.1,18,1,17.8,3,12,0
P00490,2,48.49,4.9,25,0,40.4,1,11,0
P00491,4,178.56,2.3,21,1,14.7,0,2,1
P00492,3,21.44,2.9,27,1,28.6,2,2,0
P00493,2,43.9,1.8,21,1,37.3,2,9,0
P00494,4,201.48,3.4,34,1,18.9,0,2,0
P00495,2,70.69,2.1,30,1,15.1,0,2,0
P00496,0,285.93,1.8,27,0,23.0,1,3,0
P00497,2,346.29,3.1,30,1,40.9,0,3,1
P00498,2,401.29,1.0,31,0,46.5,2,4,0
P00499,2,104.07,1.0,34,1,27.3,1,7,0
P00500,3,87.9,1.9,23,1,33.1,2,9,1
P00501,2,56.76,1.1,28,0,45.2,3,2,1
P00502,4,320.03,1.4,33,1,4.9,0,4,1
P00503,0,354.71,2.4,33,0,11.6,3,9,1
P00504,0,20.64,4.2,32,1,35.4,2,14,0
P00505,2,468.43,3.3,27,0,41.2,3,2,0
P00506,3,30.73,3.1,28,1,42.9,3,10,0
P00507,3,272.94,2.2,33,1,20.8,2,11,0
P00508,4,355.98,4.7,33,1,4.5,2,13,0
P00509,2,436.13,2.6,28,1,21.9,0,1,0
P00510,0,358.47,1.3,34,1,11.5,3,10,1
P00511,3,401.86,3.5,33,1,14.6,1,8,0
P00512,2,173.03,1.5,33,1,38.6,1,9,0
P00513,3,408.34,2.4,37,1,3.8,2,7,1
P00514,3,44.66,3.0,29,1,41.4,2,8,0
P00515,0,447.93,4.5,28,1,21.4,3,4,0
P00516,1,276.06,3.0,27,1,29.8,2,4,0
P00517,4,409.56,3.8,37,1,4.5,1,13,1
P00518,4,228.9,5.0,40,1,16.9,0,2,0
P00519,0,323.57,1.5,36,1,4.5,0,8,0
P00520,3,265.57,2.1,35,1,48.1,3,11,0
P00521,2,367.14,2.6,36,0,40.4,0,2,0
P00522,3,45.41,2.7,26,1,23.0,2,9,0
P00523,0,34.87,2.6,35,1,11.2,2,14,1
P00524,4,127.32,4.6,37,1,46.7,2,4,0
P00525,3,83.97,3.9,33,1,17.2,2,1,0
P00526,4,436.53,3.4,27,1,8.0,3,13,1
P00527,2,113.51,2.2,31,1,28.2,0,4,1
P00528,4,488.05,4.3,33,1,47.2,1,3,0
P00529,4,171.76,4.8,29,1,0.2,0,12,0
P00530,1,95.15,4.3,35,1,11.9,2,6,1
P00531,1,395.9,1.0,33,1,46.9,1,7,0
P00532,1,331.06,3.5,32,0,8.6,3,8,0
P00533,4,251.61,1.2,25,1,5.7,2,2,0
P00534,0,279.9,2.0,23,1,28.5,2,6,0
P00535,4,361.0,1.2,37,0,43.1,1,6,0
P00536,0,118.09,3.4,34,1,23.9,3,10,0
P00537,0,498.19,3.7,30,1,49.7,1,12,0
P00538,1,487.52,1.5,27,1,34.0,3,5,0
P00539,3,326.91,2.5,26,0,3.7,2,10,1
P00540,2,103.77,2.8,32,0,49.6,0,10,0
P00541,1,341.71,2.5,31,1,20.4,2,7,0
P00542,1,40.74,1.5,26,1,14.4,0,3,0
P00543,3,20.17,2.7,45,1,27.9,0,4,0
P00544,2,132.55,4.0,38,1,15.2,3,10,0
P00545,4,234.0,1.3,31,1,4.3,1,13,1
P00546,4,434.79,1.3,20,0,0.1,3,9,0
P00547,1,364.95,2.4,32,1,22.5,2,4,1
P00548,2,372.64,4.8,39,1,41.8,1,3,0
P00549,1,215.62,3.7,23,1,28.6,0,14,0
P00550,0,176.24,3.7,26,1,50.0,0,2,0
P00551,1,188.66,2.4,35,1,14.3,2,5,0
P00552,1,493.89,3.4,26,1,14.0,1,4,0
P00553,4,24.85,1.0,26,0,8.0,2,13,0
P00554,4,434.18,3.5,33,0,8.2,2,13,0
P00555,4,291.44,4.7,31,1,14.3,3,8,0
P00556,0,222.11,3.5,34,0,39.6,2,7,0
P00557,4,364.0,4.5,33,1,45.3,1,6,1
P00558,2,245.9,3.9,27,1,48.8,2,11,1
P00559,3,437.34,1.5,39,1,11.6,1,12,1
P00560,2,450.85,4.6,22,1,44.1,0,2,1
P00561,2,213.75,1.3,34,0,16.4,2,3,0
P00562,4,142.03,3.1,22,1,5.6,1,10,0
P00563,3,298.21,1.6,34,1,43.5,0,9,0
P00564,3,456.62,1.0,26,1,31.8,1,13,1
P00565,3,109.28,2.7,31,1,8.2,0,9,0
P00566,0,313.37,2.2,43,1,21.5,3,5,0
P00567,4,317.62,2.9,30,1,14.4,2,14,1
P00568,3,367.89,3.3,31,1,36.8,2,3,0
P00569,0,70.13,1.2,32,1,22.7,0,2,0
P00570,1,359.33,1.5,25,1,49.5,3,8,0
P00571,1,454.97,3.2,27,1,2.7,1,6,0
P00572,0,93.94,2.4,29,1,17.8,3,10,0
P00573,0,122.58,3.9,31,1,24.1,1,11,1
P00574,4,485.84,3.6,27,1,25.2,1,12,0
P00575,4,94.58,4.4,28,1,15.8,2,7,0
P00576,1,427.92,3.8,33,1,36.5,0,1,0
P00577,3,248.68,2.7,23,0,43.7,2,1,0
P00578,1,127.38,3.7,23,1,46.9,2,10,0
P00579,3,436.02,2.1,33,1,40.3,2,2,0
P00580,3,225.43,2.2,30,0,42.5,1,10,0
P00581,4,259.83,4.2,32,1,27.5,2,3,0
P00582,2,182.82,2.8,29,1,41.3,1,12,0
P00583,2,298.51,4.2,37,1,15.2,0,1,0
P00584,0,85.94,4.3,22,0,19.9,1,14,0
P00585,4,198.59,4.4,31,0,15.8,1,5,0
P00586,3,484.86,4.7,21,1,23.4,3,3,0
P00587,2,132.78,2.7,22,1,14.3,2,1,1
P00588,3,330.08,2.3,31,1,48.1,2,8,0
P00589,2,165.97,3.3,32,0,15.6,2,12,0
P00590,2,387.87,2.5,33,0,4.9,2,11,1
P00591,2,69.78,3.4,27,1,26.3,3,6,0
P00592,4,485.06,3.8,38,1,2.9,3,9,0
P00593,1,229.63,3.8,31,1,5.5,3,3,1
P00594,3,121.84,2.5,28,1,11.0,3,9,0
P00595,4,41.38,1.7,29,1,23.2,2,9,0
P00596,4,89.03,2.7,33,1,21.7,1,12,0
P00597,4,262.29,1.6,28,1,40.0,0,13,0
P00598,4,171.82,4.6,19,1,37.0,3,12,0
P00599,4,415.3,2.4,33,0,21.3,1,1,0
P00600,0,218.29,1.6,33,1,16.7,3,3,1
P00601,3,128.11,1.1,34,1,15.8,2,6,1
P00602,4,310.49,3.6,29,1,38.7,2,8,0
P00603,3,354.85,3.5,26,0,2.6,1,4,0
P00604,0,87.69,2.4,28,1,0.6,1,5,1
P00605,0,87.97,1.3,27,1,39.8,1,9,0
P00606,3,23.15,2.6,24,1,23.9,2,6,1
P00607,2,369.52,2.2,28,1,6.5,2,12,0
P00608,1,333.58,3.7,29,1,11.8,0,7,0
P00609,2,239.94,3.4,33,1,46.6,1,7,0
P00610,2,422.86,2.5,32,0,43.0,0,4,0
P00611,2,403.81,1.9,23,1,35.5,3,4,1
P00612,4,294.75,5.0,32,1,24.1,0,4,0
P00613,0,434.79,2.8,28,1,26.0,3,14,0
P00614,2,106.89,3.8,23,1,48.8,3,11,0
P00615,0,60.4,1.6,24,1,48.3,0,5,1
P00616,3,138.53,2.9,25,1,10.8,1,5,0
P00617,1,33.26,1.1,31,1,40.6,3,8,1
P00618,3,267.93,3.0,37,1,9.9,1,9,0
P00619,3,468.62,4.9,27,1,10.7,2,2,0
P00620,4,24.48,2.5,31,1,33.8,3,11,0
P00621,1,65.44,1.2,31,1,20.3,2,7,0
P00622,3,228.84,1.1,28,0,46.6,0,1,1
P00623,3,467.27,2.6,23,1,4.5,1,1,1
P00624,1,161.5,1.6,29,1,25.6,0,4,0
P00625,1,256.08,1.1,21,1,45.9,3,10,1
P00626,3,25.58,4.0,34,1,45.2,2,7,1
P00627,1,78.43,2.8,36,1,7.8,3,2,0
P00628,3,493.38,2.2,30,0,18.3,0,11,1
P00629,3,482.73,4.6,23,1,31.0,1,2,0
P00630,4,7.45,1.5,47,1,8.0,1,1,1
P00631,2,476.15,4.8,34,1,48.4,3,10,0
P00632,3,321.36,2.3,28,1,45.7,3,2,0
P00633,0,434.62,4.6,31,1,8.3,2,13,0
P00634,2,230.1,3.4,33,1,6.1,0,7,1
P00635,2,260.22,4.3,21,1,4.3,3,9,0
P00636,2,246.98,4.9,26,0,45.5,2,6,0
P00637,4,335.1,2.2,29,1,9.7,3,10,0
P00638,3,74.13,4.8,28,1,20.8,1,2,0
P00639,4,19.84,2.6,28,1,22.4,2,12,0
P00640,3,157.43,2.5,29,1,30.0,2,10,1
P00641,4,353.82,2.4,31,1,3.6,3,10,0
P00642,4,104.92,3.2,35,1,11.3,0,13,0
P00643,0,338.35,1.6,36,0,46.6,1,9,0
P00644,4,485.11,3.2,35,0,45.4,0,7,1
P00645,1,51.48,3.2,29,0,39.1,2,11,0
P00646,0,337.94,4.0,31,1,1.0,0,1,0
P00647,4,224.66,4.3,25,1,16.4,2,12,1
P00648,2,434.73,2.8,31,1,31.4,0,9,0
P00649,1,92.69,2.2,19,1,13.8,3,2,1
P00650,1,347.85,2.0,35,1,45.5,0,4,0
P00651,1,419.87,1.8,25,1,31.7,2,9,1
P00652,0,472.58,1.2,20,1,3.6,1,4,0
P00653,4,343.21,2.4,24,1,45.5,1,3,0
P00654,4,251.1,2.1,25,1,47.9,1,1,0
P00655,2,310.83,4.9,18,1,3.9,2,7,0
P00656,2,435.11,3.2,30,1,26.6,0,6,1
P00657,1,287.45,2.4,28,1,15.2,1,10,0
P00658,2,20.04,3.3,23,1,19.6,1,4,0
P00659,0,465.82,1.6,19,1,9.0,1,6,0
P00660,4,346.32,2.8,31,1,28.9,3,6,0
P00661,1,339.87,3.5,37,1,47.9,2,13,0
P00662,2,111.76,3.0,44,1,25.2,2,4,0
P00663,0,331.15,2.6,21,1,4.1,2,14,0
P00664,0,199.96,5.0,24,1,31.0,2,13,0
P00665,2,327.36,4.5,32,1,17.0,2,6,0
P00666,4,57.76,3.5,26,1,42.8,3,10,1
P00667,2,330.63,3.3,24,1,21.7,0,11,0
P00668,1,499.71,3.5,22,0,9.6,3,8,0
P00669,2,28.86,1.8,26,1,9.6,1,13,0
P00670,0,488.7,2.6,42,1,38.4,3,3,1
P00671,2,206.42,1.2,28,1,13.3,2,4,0
P00672,4,436.02,2.9,20,1,38.4,3,10,0
P00673,3,392.28,3.2,33,1,10.3,2,13,0
P00674,2,285.67,1.9,28,1,16.1,3,12,0
P00675,4,370.53,4.9,29,0,23.3,2,14,1
P00676,4,439.87,4.6,27,1,47.2,1,1,0
P00677,0,205.05,3.9,32,1,46.6,2,4,0
P00678,4,166.88,3.1,27,1,10.3,3,11,0
P00679,4,335.46,4.5,25,0,17.9,1,10,0
P00680,4,404.88,1.5,24,1,7.5,3,10,0
P00681,4,382.33,4.2,33,1,25.5,1,12,0
P00682,1,399.92,1.5,30,1,23.0,0,14,1
P00683,1,220.61,4.2,20,1,45.0,0,9,0
P00684,0,409.83,2.1,27,1,46.5,0,8,0
P00685,2,64.5,4.5,37,1,19.2,3,11,0
P00686,4,274.52,4.8,25,1,24.6,3,4,0
P00687,2,7.85,1.6,24,1,44.8,1,12,0
P00688,2,165.67,2.9,27,0,40.3,1,7,0
P00689,0,186.4,4.9,29,1,0.2,1,10,1
P00690,4,201.11,2.9,37,0,16.0,1,3,0
P00691,4,349.26,4.5,33,1,21.1,2,9,0
P00692,3,197.34,3.4,29,1,11.5,0,10,0
P00693,2,227.1,2.5,28,1,10.0,2,4,0
P00694,2,122.58,2.1,33,1,1.9,2,2,0
P00695,1,189.76,1.8,23,1,32.2,2,10,0
P00696,3,117.5,4.0,25,1,13.1,2,5,0
P00697,1,41.23,2.5,33,1,2.6,0,2,0
P00698,1,303.71,3.0,29,1,11.5,2,14,0
P00699,1,335.77,3.0,31,1,40.1,1,10,0
P00700,0,311.65,3.3,24,1,42.6,3,6,0
P00701,0,234.43,4.5,31,1,24.2,1,11,0
P00702,1,192.99,4.9,25,1,20.8,3,10,0
P00703,3,432.35,2.6,35,0,48.9,1,1,0
P00704,2,261.95,4.3,26,1,10.0,1,14,0
P00705,3,242.2,4.1,31,1,10.8,3,6,0
P00706,4,17.69,3.3,34,1,14.6,0,4,0
P00707,0,173.92,4.8,30,1,8.6,2,3,0
P00708,2,193.2,1.8,26,0,19.0,1,2,0
P00709,2,202.42,1.4,32,1,45.5,0,7,1
P00710,4,292.19,4.4,26,1,30.8,2,9,0
P00711,4,269.13,2.8,30,1,20.6,0,12,0
P00712,1,305.91,4.4,34,1,46.7,0,3,0
P00713,0,383.62,4.6,31,0,2.4,2,6,0
P00714,0,407.43,1.2,24,1,10.5,1,9,1
P00715,3,360.47,4.5,21,1,28.3,0,2,1
P00716,1,477.98,2.8,31,1,30.8,1,7,0
P00717,1,14.03,3.0,30,1,2.0,1,5,0
P00718,1,101.91,3.5,24,1,20.2,1,5,0
P00719,1,8.74,4.7,37,1,32.5,2,11,0
P00720,0,325.5,1.1,38,1,34.9,3,7,0
P00721,0,449.53,2.9,36,0,31.9,1,9,0
P00722,1,125.52,3.8,31,1,16.0,3,4,1
P00723,3,463.88,3.9,26,1,4.7,3,9,1
P00724,2,34.83,3.8,26,1,21.4,0,14,0
P00725,2,467.55,1.5,31,0,6.4,1,13,0
P00726,3,179.05,2.2,29,1,47.4,1,11,0
P00727,1,55.2,2.4,21,1,23.8,1,10,0
P00728,0,245.51,4.2,24,1,15.9,3,9,0
P00729,2,132.1,2.1,25,1,38.3,2,13,1
P00730,4,146.01,1.8,28,1,24.9,3,4,0
P00731,4,157.11,4.8,33,1,15.5,1,3,0
P00732,3,402.5,1.0,40,1,40.6,1,2,0
P00733,1,271.88,5.0,29,1,43.4,1,9,0
P00734,2,159.1,3.7,33,1,33.7,3,12,0
P00735,1,307.12,4.3,34,0,2.3,1,2,0
P00736,2,359.49,2.2,37,0,28.3,0,6,1
P00737,3,139.95,1.1,26,1,38.2,1,5,0
P00738,3,209.71,4.0,23,1,6.8,2,14,1
P00739,4,65.33,4.3,30,1,11.4,0,5,0
P00740,1,94.67,4.0,25,1,44.1,1,4,0
P00741,4,342.15,1.6,34,1,1.0,0,6,0
P00742,1,94.81,4.0,28,1,37.6,1,5,0
P00743,4,264.96,4.1,40,1,23.7,2,11,1
P00744,0,355.98,3.6,35,1,22.3,1,4,1
P00745,0,57.9,4.1,28,1,0.4,0,13,0
P00746,0,285.82,4.4,33,1,41.0,2,9,0
P00747,0,132.0,3.5,31,1,18.0,3,13,0
P00748,2,481.65,1.4,30,1,27.0,2,6,1
P00749,0,244.36,3.0,29,1,33.9,2,11,0
P00750,3,403.97,1.3,34,1,35.1,2,10,0
P00751,3,277.36,2.6,28,1,47.8,0,10,0
P00752,2,26.49,2.6,25,1,26.6,2,13,0
P00753,0,318.41,1.3,39,0,20.0,1,10,0
P00754,0,475.94,2.4,36,1,47.7,2,13,0
P00755,0,302.8,1.4,43,1,32.1,2,3,1
P00756,4,410.5,4.2,27,1,14.9,1,10,0
P00757,1,442.68,4.8,30,0,6.3,1,6,0
P00758,4,117.9,1.3,26,0,42.1,3,14,0
P00759,1,109.96,4.8,27,1,18.1,2,1,0
P00760,0,307.44,3.1,23,0,33.0,0,5,0
P00761,0,208.46,2.2,42,1,23.5,2,10,0
P00762,4,420.73,1.3,27,1,9.9,2,6,0
P00763,4,450.51,3.0,32,1,30.1,1,11,0
P00764,1,179.94,4.2,22,1,3.0,3,8,0
P00765,3,122.25,3.8,27,0,20.7,2,11,0
P00766,1,391.36,1.2,34,1,27.3,0,9,1
P00767,4,141.03,1.3,42,0,21.8,2,11,0
P00768,4,412.19,2.6,37,1,37.4,0,3,0
P00769,2,214.75,2.2,33,1,41.4,1,2,0
P00770,4,335.44,1.9,33,1,38.6,3,13,0
P00771,2,52.29,2.1,37,1,1.9,2,4,0
P00772,3,313.81,4.2,30,1,9.7,3,8,0
P00773,1,228.63,4.7,28,1,26.8,2,11,0
P00774,1,295.37,2.6,36,0,46.7,0,8,0
P00775,2,88.17,4.6,24,1,41.7,3,3,0
P00776,1,369.75,2.3,30,1,42.1,2,4,0
P00777,4,432.08,2.9,29,1,15.2,1,3,0
P00778,0,112.29,1.9,36,1,21.5,0,10,0
P00779,2,52.38,3.6,22,0,23.5,3,2,1
P00780,1,16.7,4.9,33,1,7.9,2,4,0
P00781,2,322.78,3.4,28,1,1.6,3,6,0
P00782,2,305.51,2.4,34,1,47.3,2,11,0
P00783,0,275.62,3.6,28,1,12.0,0,14,0
P00784,4,119.81,1.5,33,1,12.0,1,11,0
P00785,2,198.5,4.6,26,1,4.2,0,5,0
P00786,1,299.27,3.0,41,1,46.4,3,3,0
P00787,3,250.9,2.8,35,1,29.0,3,2,1
P00788,2,493.95,3.3,23,1,33.4,2,9,0
P00789,2,72.54,3.5,28,1,45.6,0,1,0
P00790,0,349.1,1.3,27,1,17.3,2,9,0
P00791,4,205.14,3.7,29,1,31.1,0,1,0
P00792,3,216.96,2.0,30,1,1.9,3,14,1
P00793,1,360.21,3.9,26,1,9.3,2,7,0
P00794,3,347.76,4.3,33,0,41.6,2,6,0
P00795,1,495.67,4.2,29,1,38.3,0,7,0
P00796,4,68.56,3.2,35,1,17.5,1,3,0
P00797,1,56.53,3.1,36,0,18.8,0,14,0
P00798,0,363.55,1.6,29,1,26.7,1,3,0
P00799,0,291.3,4.1,26,1,0.0,0,13,0
P00800,0,140.71,2.1,30,1,12.1,3,11,0
P00801,0,44.31,3.0,29,1,10.4,2,1,0
P00802,3,47.4,2.1,27,1,12.5,0,4,0
P00803,4,447.62,1.5,25,1,40.3,3,12,1
P00804,1,99.97,3.5,25,0,14.0,0,2,0
P00805,1,165.07,1.2,39,1,9.6,2,10,1
P00806,0,117.19,4.0,34,1,25.2,0,8,1
P00807,0,180.72,2.3,22,1,43.3,1,3,0
P00808,2,39.36,1.0,29,1,12.1,2,7,0
P00809,4,261.93,3.0,30,1,3.9,1,7,1
P00810,3,38.47,1.2,28,1,17.8,3,12,0
P00811,1,401.18,2.1,34,1,37.4,3,9,0
P00812,2,120.69,3.8,25,1,27.5,0,6,0
P00813,2,272.31,1.3,24,0,40.8,1,1,0
P00814,1,440.64,4.4,28,0,48.0,1,8,0
P00815,3,327.18,1.0,27,1,39.6,2,1,0
P00816,2,268.81,2.0,33,1,30.2,1,3,1
P00817,2,165.55,4.0,34,1,24.7,1,11,1
P00818,4,169.84,2.3,37,0,2.0,2,5,1
P00819,3,336.4,1.4,33,1,49.2,2,8,0
P00820,2,497.1,2.4,25,1,19.2,1,9,0
P00821,3,332.61,2.1,27,1,7.6,0,7,0
P00822,1,281.1,4.4,25,1,33.3,2,9,0
P00823,0,366.67,2.3,20,1,14.2,2,11,0
P00824,2,235.28,4.2,31,1,29.3,1,3,0
P00825,4,34.77,4.6,29,1,29.3,1,13,0
P00826,1,283.34,2.7,30,1,22.3,2,5,0
P00827,3,479.02,4.6,19,1,41.8,1,10,0
P00828,1,91.77,2.5,27,1,13.2,2,8,1
P00829,2,346.55,4.9,24,0,22.4,0,12,0
P00830,3,104.46,1.4,22,1,26.9,0,1,0
P00831,0,270.23,3.7,22,0,33.2,2,8,0
P00832,1,52.85,3.0,39,1,39.2,2,7,0
P00833,2,227.93,2.6,36,1,19.7,3,1,0
P00834,4,379.3,3.5,26,1,32.3,3,13,0
P00835,3,177.05,3.8,24,1,7.5,1,13,0
P00836,1,334.13,1.0,38,1,46.6,1,10,0
P00837,1,398.75,1.7,26,1,19.2,2,12,0
P00838,0,463.95,3.9,28,1,36.5,2,10,0
P00839,0,121.15,3.7,31,1,1.0,3,12,0
P00840,4,202.66,4.9,33,1,10.3,3,6,0
P00841,4,80.45,4.0,27,0,24.4,2,1,0
P00842,2,496.28,4.8,35,1,43.9,0,2,0
P00843,2,463.87,3.8,32,0,26.4,0,5,0
P00844,4,272.28,2.2,31,1,46.5,1,2,0
P00845,4,421.81,1.4,28,1,24.2,2,14,0
P00846,3,262.87,4.1,16,1,24.5,2,10,0
P00847,0,313.67,3.6,27,1,6.0,1,1,0
P00848,2,49.12,1.2,24,1,40.1,3,6,0
P00849,0,378.86,2.4,42,1,12.3,3,8,0
P00850,0,68.22,4.8,35,1,45.0,0,8,0
P00851,4,413.9,3.0,35,1,45.5,2,13,0
P00852,3,392.1,2.7,32,1,47.2,3,13,0
P00853,1,355.83,2.8,39,1,26.0,0,8,0
P00854,3,22.9,1.8,32,1,33.9,0,11,0
P00855,3,155.05,2.5,20,1,38.9,0,6,0
P00856,0,135.24,2.5,27,1,6.6,3,11,0
P00857,3,183.27,1.2,28,1,30.0,3,3,1
P00858,2,48.38,4.1,32,1,1.7,2,1,1
P00859,0,468.79,2.7,28,1,24.9,2,2,0
P00860,2,279.13,4.3,24,1,7.7,0,5,0
P00861,1,156.23,4.4,27,1,9.1,0,13,0
P00862,0,201.51,1.8,32,0,18.3,3,10,1
P00863,1,226.37,3.6,28,1,21.6,3,5,0
P00864,0,302.29,2.9,25,1,31.2,2,10,0
P00865,4,260.26,4.5,35,1,3.7,2,14,1
P00866,3,460.1,1.9,27,1,25.2,1,1,0
P00867,4,251.0,3.7,27,1,9.1,2,1,0
P00868,1,496.12,3.4,32,1,28.7,3,9,0
P00869,3,426.46,2.2,28,1,31.9,0,2,0
P00870,0,108.21,1.5,23,1,27.8,1,7,0
P00871,3,465.64,3.6,22,1,36.9,2,10,0
P00872,2,62.6,4.0,40,1,16.8,2,4,0
P00873,3,409.64,2.3,45,0,38.3,3,7,0
P00874,2,193.41,3.6,34,1,21.6,1,8,0
P00875,3,439.6,2.6,38,1,24.2,2,5,1
P00876,2,434.69,3.9,30,1,32.4,0,13,0
P00877,1,403.93,1.8,27,1,0.9,3,12,0
P00878,4,396.07,4.6,34,1,32.7,1,12,0
P00879,0,155.82,2.1,42,1,30.9,2,1,0
P00880,3,45.06,2.5,32,1,15.5,2,4,0
P00881,4,204.48,1.2,18,1,4.3,1,10,0
P00882,0,90.89,1.4,29,1,4.5,3,3,0
P00883,0,349.0,3.1,29,1,46.2,1,10,1
P00884,2,176.32,2.1,44,1,34.5,1,12,0
P00885,1,487.93,4.3,30,1,6.4,3,5,0
P00886,1,322.28,1.1,39,1,17.8,2,10,1
P00887,4,412.13,2.5,34,1,29.6,0,13,0
P00888,1,70.6,2.3,27,1,41.8,3,10,0
P00889,3,431.7,1.1,37,0,2.2,0,13,0
P00890,1,461.76,1.5,32,1,11.8,2,6,0
P00891,4,246.1,2.7,35,0,44.5,1,2,0
P00892,1,305.1,3.0,28,1,0.5,0,7,0
P00893,3,383.58,2.6,28,1,10.1,2,13,1
P00894,2,91.55,3.1,29,1,48.0,2,3,1
P00895,4,253.77,3.4,28,0,30.7,1,1,1
P00896,2,202.34,1.0,24,1,13.1,1,10,1
P00897,2,77.46,2.9,31,1,3.3,2,3,1
P00898,2,186.93,4.9,26,1,1.4,2,9,0
P00899,0,38.75,3.1,30,1,12.2,0,10,0
P00900,0,17.78,3.7,43,1,44.1,2,11,0
P00901,2,71.91,2.2,30,0,20.8,2,11,0
P00902,4,481.74,4.1,30,0,36.0,0,6,0
P00903,3,277.02,4.1,26,1,45.9,3,11,0
P00904,3,483.08,3.1,22,0,20.4,0,6,0
P00905,1,219.09,4.9,33,1,9.6,0,4,0
P00906,4,159.35,1.5,31,1,25.9,1,8,0
P00907,0,255.54,1.1,34,1,45.4,0,5,0
P00908,2,222.56,4.1,34,1,40.2,2,7,0
P00909,1,57.3,4.2,27,0,3.3,2,9,0
P00910,3,322.21,1.5,22,1,34.6,2,13,0
P00911,0,111.94,2.1,36,1,28.6,3,13,0
P00912,0,311.7,1.1,28,1,45.4,2,14,1
P00913,2,326.85,2.2,37,1,6.1,3,5,0
P00914,3,80.25,4.1,37,1,26.7,2,11,0
P00915,4,35.37,3.1,24,0,44.0,0,14,0
P00916,0,391.48,2.4,24,1,20.5,1,5,1
P00917,2,232.6,2.5,30,1,24.1,2,14,0
P00918,4,33.79,1.0,24,1,3.5,3,4,0
P00919,3,497.46,2.2,31,1,13.9,3,6,0
P00920,0,33.6,3.6,33,1,16.2,1,2,1
P00921,4,349.04,4.9,40,1,47.3,2,3,0
P00922,4,491.92,4.4,26,1,14.1,0,1,0
P00923,4,123.39,1.1,34,1,23.0,2,2,0
P00924,0,75.41,4.6,27,1,33.6,2,2,0
P00925,0,65.09,4.1,31,1,8.1,1,8,0
P00926,1,155.12,4.1,24,1,24.3,2,8,0
P00927,3,55.02,2.8,34,1,36.9,0,2,1
P00928,2,347.62,2.6,24,1,43.3,3,13,0
P00929,4,35.83,2.2,32,0,31.3,1,14,0
P00930,1,257.16,1.3,30,1,33.5,0,6,0
P00931,2,498.36,1.9,27,1,6.3,3,5,0
P00932,1,407.92,2.0,25,1,47.3,1,3,0
P00933,0,309.53,2.9,24,1,6.6,1,5,0
P00934,4,156.6,4.0,29,1,38.7,3,5,0
P00935,2,313.83,2.9,29,0,13.2,3,5,0
P00936,2,265.89,1.2,31,1,46.7,0,3,0
P00937,2,215.91,4.8,40,1,36.0,2,3,0
P00938,2,69.7,4.8,30,1,37.7,2,4,0
P00939,2,443.87,4.1,34,1,11.0,2,7,0
P00940,1,227.64,5.0,30,1,22.2,2,12,0
P00941,4,101.34,3.2,39,0,30.9,2,12,0
P00942,0,187.04,4.9,31,1,38.5,0,12,0
P00943,0,209.99,1.3,30,1,5.2,1,14,0
P00944,0,414.63,2.5,32,1,48.1,0,2,1
P00945,0,368.14,1.9,30,1,44.5,0,10,1
P00946,1,385.81,1.8,20,1,13.5,0,4,0
P00947,3,10.46,1.6,36,1,41.1,1,4,0
P00948,4,211.0,3.5,24,1,25.9,0,1,1
P00949,2,243.27,4.1,35,1,23.1,0,10,0
P00950,3,14.5,3.3,31,1,15.7,1,8,1
P00951,0,133.61,1.6,15,1,29.0,0,1,0
P00952,3,381.34,4.2,36,1,36.5,2,8,0
P00953,4,72.87,3.5,17,1,20.5,3,7,1
P00954,2,269.98,2.6,36,1,31.5,0,9,0
P00955,2,111.52,3.7,29,1,35.0,3,8,1
P00956,4,11.0,2.0,29,1,35.6,0,5,0
P00957,4,124.39,2.4,31,1,2.6,0,8,0
P00958,0,488.06,4.7,27,1,43.0,2,14,1
P00959,2,401.76,2.2,28,0,22.9,1,11,0
P00960,3,479.99,2.9,32,1,13.1,3,10,0
P00961,1,246.49,4.6,26,1,12.1,1,12,1
P00962,1,59.32,3.8,29,1,24.2,2,12,0
P00963,4,276.24,1.2,34,1,44.3,2,3,0
P00964,0,229.92,1.6,27,1,18.9,3,10,0
P00965,1,422.96,1.0,19,1,37.5,1,7,0
P00966,2,53.55,3.5,39,1,4.8,2,12,0
P00967,4,246.68,2.8,31,1,23.8,0,4,0
P00968,3,79.27,1.5,27,1,49.6,0,5,0
P00969,4,165.71,4.8,31,1,38.5,0,9,0
P00970,3,369.99,3.1,22,1,10.5,1,7,0
P00971,4,240.63,2.0,45,1,25.1,0,4,0
P00972,4,191.06,3.0,32,1,11.7,0,6,0
P00973,4,200.27,3.7,31,1,20.5,2,10,0
P00974,3,232.43,1.3,31,1,39.0,2,14,0
P00975,3,393.58,2.1,28,0,38.6,0,11,0
P00976,4,446.58,4.2,32,1,11.4,0,7,0
P00977,1,477.89,2.8,32,1,46.1,2,13,0
P00978,0,394.52,3.2,27,1,29.6,3,10,1
P00979,0,161.13,2.7,39,1,19.0,1,13,0
P00980,0,345.63,1.2,33,1,25.1,1,9,0
P00981,3,221.61,1.7,24,1,30.3,2,4,0
P00982,3,131.06,2.8,30,1,28.0,1,10,0
P00983,1,421.23,1.8,32,1,24.3,2,3,0
P00984,0,24.02,1.2,27,1,25.2,2,8,0
P00985,0,451.37,4.4,25,0,8.8,2,1,0
P00986,4,233.43,4.9,25,1,40.6,2,9,0
P00987,3,320.41,4.2,29,1,27.1,3,13,0
P00988,0,331.38,4.4,29,1,6.6,0,1,1
P00989,1,448.08,2.0,38,1,38.3,0,2,0
P00990,1,320.15,4.8,31,1,46.6,3,13,0
P00991,0,308.9,1.8,28,1,47.4,1,8,0
P00992,3,37.99,4.8,33,1,18.5,1,9,0
P00993,1,261.61,5.0,41,1,6.8,0,7,0
P00994,4,79.33,3.8,27,0,25.9,1,3,0
P00995,1,370.03,4.9,25,1,5.6,0,7,0
P00996,2,258.55,3.3,34,1,46.7,0,6,0
P00997,2,341.71,2.0,28,0,9.2,3,2,0
P00998,3,25.63,2.7,32,1,12.6,1,3,0
P00999,0,46.97,3.4,35,1,20.3,3,11,0
